{
    "firmware": {
        "mode": "hwcrypto",
        "fixed_key": true,
        "modulate": false
    },
    "collection": {
        "target_freq": 2.464e9,
        "sampling_rate": 5e6,
        "num_points": 2e6,
        "num_traces_per_point": 100,
        "bandpass_lower": 0.35e6,
        "bandpass_upper": 0.45e6,
        "lowpass_freq": 50e3,
        "drop_start": 30e-3,
        "trigger_rising": false,
        "trigger_offset": 60e-6,
        "signal_length": 110e-6,
        "template_name": "hwcrypto_cable_zx60_template.npy",
        "min_correlation": 0.0075
    }
}
